id,first_name,last_name,email,gender,ip_address
1,Taite,Moraleda,tmoraleda0@jimdo.com,Male,117.12.82.104
2,Adamo,Balaizot,abalaizot1@tamu.edu,Male,173.238.169.29
3,Doe,Marris,dmarris2@photobucket.com,Female,139.139.74.115
4,Cory,Osler,cosler3@netlog.com,Male,51.69.92.124
5,Glenda,Clemmen,gclemmen4@wix.com,Non-binary,26.201.65.78
6,Ly,Knight,lknight5@bluehost.com,Male,46.182.169.65
7,Newton,Gohier,ngohier6@netscape.com,Male,110.224.188.49
8,Mame,Edgington,medgington7@ask.com,Female,136.50.104.78
9,Ferris,Mixon,fmixon8@desdev.cn,Male,95.184.200.188
10,Urson,Keenlayside,ukeenlayside9@bravesites.com,Male,173.160.189.177id,first_name,last_name,email,gender,ip_address
11,Meher,Meka,mehermeka@gmail.com,Male,127.0.0.1
